Nombre,Descripción,Servicios,Teléfonos,Dirección,Sitio web,Horario,Búsqueda,Localidad
Silvio Cascitelli Teguise,Inmobiliarias en Costa Teguise,,928827152,"Calle Elipse, 7 BAJO;PARC.464, 35508, Costa Teguise, Teguise (LAS PALMAS)",,,inmobiliaria,lanzarote
QUESADA Y MATEOS INMOBILIARIA S.L. Arrecife,Inmobiliarias en Arrecife,,928807674,"Blas Cabrera Topham, 34 LOC, 35500, Arrecife (LAS PALMAS)",,,inmobiliaria,lanzarote
Inmobiliaria Duque Arrecife,Inmobiliarias en Arrecife,,928802129,"Argentina, 8 BAJO, 35500, Arrecife (LAS PALMAS)",,,inmobiliaria,lanzarote
Timanfaya Invest S.A. Tías,Inmobiliarias en Puerto del Carmen,,928510201,"Calle Inglaterra, 2 BL.3 BLOQ 3;BAJO;APTO APTO;1 C, 35510, Puerto del Carmen, Tías (LAS PALMAS)",,,inmobiliaria,lanzarote
Herrelan S.L. Arrecife,Inmobiliarias en Arrecife,,928807413,"Calle Rivera, 24 BAJO, 35500, Arrecife (LAS PALMAS)",,,inmobiliaria,lanzarote
CARNAP CARNAP SL Tinajo,Inmobiliarias en El Cuchillo,,928173067,"Camino Calderetas, 3, 35560, El Cuchillo, Tinajo (LAS PALMAS)",,,inmobiliaria,lanzarote
Luis Leon Romero Tías,Inmobiliarias en Puerto del Carmen,,928513098,"Janubio, 9 BAJO, 35510, Puerto del Carmen, Tías (LAS PALMAS)",,,inmobiliaria,lanzarote
LANDAC INVERSIONES LANZAROTE San Bartolomé,Inmobiliarias en Playa Honda,,928819219,"San Borondón, 68 BAJO, 35509, Playa Honda, San Bartolomé (LAS PALMAS)",,,inmobiliaria,lanzarote
GUILLELANZA S.L. Tías,Inmobiliarias en Puerto del Carmen,,928515832,"Pedro Barba, 1 1-9(URB. LA CONCHA 1), 35510, Puerto del Carmen, Tías (LAS PALMAS)",,,inmobiliaria,lanzarote
TILA E HIJOS S.L. Teguise,Inmobiliarias en Costa Teguise,,928826720,"Av. Islas Canarias, 12 LOCAL 3, 35508, Costa Teguise, Teguise (LAS PALMAS)",http://www.lanzaroteretreats.com/?utm_campaign=paginasamarillas&utm_source=paginasamarillas&utm_medium=referral,,inmobiliaria,lanzarote
geriarealestate Arrecife,Inmobiliarias en Arrecife,,610299149,"Rambla Medular, 50, 35500, Arrecife (LAS PALMAS)",,,inmobiliaria,lanzarote
Oportunidades Inmobiliarias Lanzarote Arrecife,Inmobiliarias en Arrecife,,928805826,"Calle Manolo Millares, S/N, 35500, Arrecife (LAS PALMAS)",http://www.inmobiliariaprecioperfecto.com/?utm_campaign=paginasamarillas&utm_source=paginasamarillas&utm_medium=referral,,inmobiliaria,lanzarote
Wimpen Leisure Management S.A. Yaiza,Inmobiliarias en Playa Blanca,,922741415,"Calle Fuerteventura, 1, 35580, Playa Blanca, Yaiza (LAS PALMAS)",http://www.lascasitas.wimpen.net/?utm_campaign=paginasamarillas&utm_source=paginasamarillas&utm_medium=referral,,inmobiliaria,lanzarote
Bayside Rentals Arrecife,"Inmuebles: gestión de alquileres en Arrecife , Inmuebles en Arrecife",,+34636488502,"Calle Antonio Porlier y Sopranis, 11 , 35500, Arrecife (LAS PALMAS)",http://www.baysiderentals.es/?utm_campaign=paginasamarillas&utm_source=paginasamarillas&utm_medium=referral,", , , ,",inmobiliaria,lanzarote
Sarosif Sociedad Limitada Arrecife,Inmobiliarias en Arrecife,,928814862,"Calle Ciudad Real, 20, 35500, Arrecife (LAS PALMAS)",,,inmobiliaria,lanzarote
Hipercan Don Jersey Sociedad Limitada Arrecife,Inmobiliarias en Arrecife,,928803760,"Calle Otilia Díaz, 14 1º G, 35500, Arrecife (LAS PALMAS)",,,inmobiliaria,lanzarote
CACTUS CONSULTING S.L. San Bartolomé,Inmobiliarias en Güime,,928521337,"Barranco, 60 2, 35559, Güime, San Bartolomé (LAS PALMAS)",,,inmobiliaria,lanzarote
CASALANZ San Bartolomé,Inmobiliarias en Playa Honda,,928816293,"Calle Princesa Ico, 64 BAJO;APTO 8, 35509, Playa Honda, San Bartolomé (LAS PALMAS)",http://www.casalanz.es/?utm_campaign=paginasamarillas&utm_source=paginasamarillas&utm_medium=referral,", , , , , , , , ,",inmobiliaria,lanzarote
Destiny Home Yaiza,Inmobiliarias en Playa Blanca,,928944022,"Puerto Marina Rubicón, S/N EDF. RUBIMAR LOCAL 14, 35580, Playa Blanca, Yaiza (LAS PALMAS)",http://www.destinyhome.es/?utm_campaign=paginasamarillas&utm_source=paginasamarillas&utm_medium=referral,", , , , ,",inmobiliaria,lanzarote
Villa Lily Tías,Inmobiliarias en Puerto del Carmen,,928514275,"Cucharona, S/N BAJO(URB.ALONDRA), 35510, Puerto del Carmen, Tías (LAS PALMAS)",,,inmobiliaria,lanzarote
SERVILANZ Arrecife,Inmobiliarias en Arrecife,,828081183,"Calle La Inés, 14, 35500, Arrecife (LAS PALMAS)",http://www.servilanz.es/?utm_campaign=paginasamarillas&utm_source=paginasamarillas&utm_medium=referral,,inmobiliaria,lanzarote
Dreams & Homes Yaiza,Inmobiliarias en Playa Blanca,,928349749,"Calle Don Jaime Quesada el Maestro, 21 BAJO, 35580, Playa Blanca, Yaiza (LAS PALMAS)",http://dreamsandhomes.es/?utm_campaign=paginasamarillas&utm_source=paginasamarillas&utm_medium=referral,,inmobiliaria,lanzarote
CAMINO LLANO S.L Arrecife,Inmobiliarias en Arrecife,,629139399,"Calle Triana, 50 1º 1, 35500, Arrecife (LAS PALMAS)",,,inmobiliaria,lanzarote
R.MI Casa Lanzarote Yaiza,Agencias inmobiliarias en Playa Blanca,,+34682508927,"Avenida de Canarias, 22 , 35580, Playa Blanca, Yaiza (LAS PALMAS)",http://www.micasalanzarote.com/?utm_campaign=paginasamarillas&utm_source=paginasamarillas&utm_medium=referral,", , , ,",inmobiliaria,lanzarote
Silvelanz S.L. San Bartolomé,Inmobiliarias en Playa Honda,,928821340,"Anzuelo, 17 BAJO, 35509, Playa Honda, San Bartolomé (LAS PALMAS)",,,inmobiliaria,lanzarote
Revista Inmocanarias Y Tonimotor - Publicidad Lanzarote Teguise,Revistas en La Graciosa,,+34625280109+34609547298,"Calle Eslora, 12 CALETA DEL SEBO, 35540, La Graciosa, Teguise (LAS PALMAS)",https://www.revistainmocanarias.com/la-revista,", , , ,",inmobiliaria,lanzarote
Canary Island Divers S.T.P. Tías,Inmobiliarias en Puerto del Carmen,,928515467,"Avenida Playas, 100, 35510, Puerto del Carmen, Tías (LAS PALMAS)",,,inmobiliaria,lanzarote
Wimpen Leisure Management S.A. Yaiza,Inmobiliarias en Playa Blanca,,928518905,"Calle La Corvina, 2 BAJO;LAS MARGARITAS, 35580, Playa Blanca, Yaiza (LAS PALMAS)",,,inmobiliaria,lanzarote
